proteinid,residueid
O00391,O00391_C70
O00391,O00391_C73
O00391,O00391_C101
O00391,O00391_C110
O00391,O00391_C393
O00391,O00391_C405
O00391,O00391_C449
O00391,O00391_C452
O00391,O00391_C509
O00391,O00391_C512
O43396,O43396_C34
O43396,O43396_C37
O43678,O43678_C24
O43678,O43678_C58
O43819,O43819_C133
O43819,O43819_C137
O75880,O75880_C169
O75880,O75880_C173
O95045,O95045_C95
O95045,O95045_C102
O95881,O95881_C66
O95881,O95881_C69
P00390,P00390_C102
P00390,P00390_C107
P00390,P00390_C134
P07237,P07237_C53
P07237,P07237_C56
P07237,P07237_C397
P07237,P07237_C400
P09622,P09622_C80
P09622,P09622_C85
P10599,P10599_C32
P10599,P10599_C35
P10599,P10599_C73
P13284,P13284_C72
P13284,P13284_C75
P13667,P13667_C91
P13667,P13667_C94
P13667,P13667_C206
P13667,P13667_C209
P13667,P13667_C555
P13667,P13667_C558
P23921,P23921_C218
P23921,P23921_C444
P30044,P30044_C100
P30044,P30044_C204
P30101,P30101_C57
P30101,P30101_C60
P30101,P30101_C85
P30101,P30101_C92
P30101,P30101_C406
P30101,P30101_C409
P35754,P35754_C23
P35754,P35754_C26
P35754,P35754_C79
P35754,P35754_C83
P35968,P35968_C53
P35968,P35968_C103
P35968,P35968_C150
P35968,P35968_C200
P35968,P35968_C246
P35968,P35968_C307
P35968,P35968_C445
P35968,P35968_C530
P35968,P35968_C571
P35968,P35968_C642
P35968,P35968_C688
P35968,P35968_C737
P35968,P35968_C1024
P35968,P35968_C1045
P35968,P35968_C1208
P48595,P48595_C68
P48595,P48595_C395
P55789,P55789_C95
P55789,P55789_C142
P55789,P55789_C145
P55789,P55789_C171
P55789,P55789_C188
P55789,P55789_C204
Q13087,Q13087_C18
Q13087,Q13087_C71
Q13087,Q13087_C74
Q13087,Q13087_C418
Q13087,Q13087_C421
Q13454,Q13454_C99
Q13454,Q13454_C102
Q14554,Q14554_C85
Q14554,Q14554_C94
Q14554,Q14554_C182
Q14554,Q14554_C185
Q14554,Q14554_C305
Q14554,Q14554_C308
Q14554,Q14554_C426
Q14554,Q14554_C429
Q15084,Q15084_C55
Q15084,Q15084_C58
Q15084,Q15084_C190
Q15084,Q15084_C193
Q16881,Q16881_C209
Q16881,Q16881_C214
Q6A555,Q6A555_C32
Q6A555,Q6A555_C35
Q6PKC3,Q6PKC3_C469
Q6PKC3,Q6PKC3_C472
Q6PKC3,Q6PKC3_C719
Q6PKC3,Q6PKC3_C722
Q6UXH1,Q6UXH1_C31
Q6UXH1,Q6UXH1_C34
Q6UXH1,Q6UXH1_C140
Q6UXH1,Q6UXH1_C154
Q6UXH1,Q6UXH1_C148
Q6UXH1,Q6UXH1_C166
Q6UXH1,Q6UXH1_C168
Q6UXH1,Q6UXH1_C177
Q6UXH1,Q6UXH1_C263
Q6UXH1,Q6UXH1_C266
Q6UXH1,Q6UXH1_C294
Q6UXH1,Q6UXH1_C308
Q6UXH1,Q6UXH1_C301
Q6UXH1,Q6UXH1_C317
Q6UXH1,Q6UXH1_C319
Q6UXH1,Q6UXH1_C330
Q6ZRP7,Q6ZRP7_C91
Q6ZRP7,Q6ZRP7_C94
Q6ZRP7,Q6ZRP7_C122
Q6ZRP7,Q6ZRP7_C131
Q6ZRP7,Q6ZRP7_C418
Q6ZRP7,Q6ZRP7_C430
Q6ZRP7,Q6ZRP7_C476
Q6ZRP7,Q6ZRP7_C479
Q6ZRP7,Q6ZRP7_C536
Q6ZRP7,Q6ZRP7_C539
Q86VQ3,Q86VQ3_C480
Q86VQ3,Q86VQ3_C483
Q86VQ6,Q86VQ6_C203
Q86VQ6,Q86VQ6_C208
Q86YB8,Q86YB8_C81
Q86YB8,Q86YB8_C390
Q86YB8,Q86YB8_C90
Q86YB8,Q86YB8_C130
Q86YB8,Q86YB8_C95
Q86YB8,Q86YB8_C100
Q86YB8,Q86YB8_C262
Q86YB8,Q86YB8_C207
Q86YB8,Q86YB8_C240
Q86YB8,Q86YB8_C393
Q86YB8,Q86YB8_C396
Q8IXB1,Q8IXB1_C158
Q8IXB1,Q8IXB1_C161
Q8IXB1,Q8IXB1_C480
Q8IXB1,Q8IXB1_C483
Q8IXB1,Q8IXB1_C588
Q8IXB1,Q8IXB1_C591
Q8IXB1,Q8IXB1_C700
Q8IXB1,Q8IXB1_C703
Q8N0U8,Q8N0U8_C50
Q8N0U8,Q8N0U8_C58
Q8N0U8,Q8N0U8_C139
Q8N0U8,Q8N0U8_C142
Q8N427,Q8N427_C39
Q8N427,Q8N427_C42
Q8N4Q1,Q8N4Q1_C53
Q8N4Q1,Q8N4Q1_C55
Q8N4Q1,Q8N4Q1_C64
Q8N4Q1,Q8N4Q1_C97
Q8N4Q1,Q8N4Q1_C74
Q8N4Q1,Q8N4Q1_C87
Q8NBS9,Q8NBS9_C89
Q8NBS9,Q8NBS9_C92
Q8NBS9,Q8NBS9_C217
Q8NBS9,Q8NBS9_C220
Q8NBS9,Q8NBS9_C350
Q8NBS9,Q8NBS9_C353
Q8WWM9,Q8WWM9_C38
Q8WWM9,Q8WWM9_C83
Q96HD1,Q96HD1_C46
Q96HD1,Q96HD1_C49
Q96HD1,Q96HD1_C155
Q96HD1,Q96HD1_C169
Q96HD1,Q96HD1_C163
Q96HD1,Q96HD1_C181
Q96HD1,Q96HD1_C183
Q96HD1,Q96HD1_C192
Q96HD1,Q96HD1_C278
Q96HD1,Q96HD1_C281
Q96HD1,Q96HD1_C309
Q96HD1,Q96HD1_C321
Q96HD1,Q96HD1_C314
Q96HD1,Q96HD1_C330
Q96HD1,Q96HD1_C332
Q96HD1,Q96HD1_C343
Q96HE7,Q96HE7_C35
Q96HE7,Q96HE7_C48
Q96HE7,Q96HE7_C37
Q96HE7,Q96HE7_C46
Q96HE7,Q96HE7_C85
Q96HE7,Q96HE7_C391
Q96HE7,Q96HE7_C94
Q96HE7,Q96HE7_C131
Q96HE7,Q96HE7_C99
Q96HE7,Q96HE7_C104
Q96HE7,Q96HE7_C208
Q96HE7,Q96HE7_C241
Q96HE7,Q96HE7_C394
Q96HE7,Q96HE7_C397
Q96JJ7,Q96JJ7_C53
Q96JJ7,Q96JJ7_C56
Q96LW7,Q96LW7_C7
Q96LW7,Q96LW7_C77
Q96P20,Q96P20_C8
Q96P20,Q96P20_C108
Q99757,Q99757_C90
Q99757,Q99757_C93
Q9BQB6,Q9BQB6_C43
Q9BQB6,Q9BQB6_C51
Q9BQB6,Q9BQB6_C132
Q9BQB6,Q9BQB6_C135
Q9BRA2,Q9BRA2_C43
Q9BRA2,Q9BRA2_C46
Q9BRT3,Q9BRT3_C30
Q9BRT3,Q9BRT3_C33
Q9H0U3,Q9H0U3_C87
Q9H0U3,Q9H0U3_C90
Q9H3N1,Q9H3N1_C56
Q9H3N1,Q9H3N1_C59
Q9HAJ7,Q9HAJ7_C29
Q9HAJ7,Q9HAJ7_C30
Q9HAJ7,Q9HAJ7_C38
Q9HAJ7,Q9HAJ7_C74
Q9NNW7,Q9NNW7_C86
Q9NNW7,Q9NNW7_C91
Q9NPG2,Q9NPG2_C46
Q9NPG2,Q9NPG2_C55
Q9NS18,Q9NS18_C77
Q9NS18,Q9NS18_C80
Q9UJ68,Q9UJ68_C74
Q9UJ68,Q9UJ68_C220
Q9UJ68,Q9UJ68_C229
Q9H1E5,Q9H1E5_C64
Q9H1E5,Q9H1E5_C67
A6NC05,A6NC05_C41
A6NC05,A6NC05_C44
